id;login;password_hash;first_name;last_name;type;email;image_url;activated;lang_key;activation_key;reset_key;created_by;last_modified_by
1;system;$2a$10$5waEW48.24YExA5hZ06PqeAjg6giei/mJ5tkSb6v4CZ.vgj1oZ9zG;System;System;STAFF;system@localhost;;True;en;;;system;system
2;admin;$2a$10$5waEW48.24YExA5hZ06PqeAjg6giei/mJ5tkSb6v4CZ.vgj1oZ9zG;Witcurve;Administrator;STAFF;admin@localhost;;True;en;;;system;system
3;staff;$2a$10$5waEW48.24YExA5hZ06PqeAjg6giei/mJ5tkSb6v4CZ.vgj1oZ9zG;Teaching;Staff;STAFF;staff@localhost;;True;en;;;system;system
4;guardian;$2a$10$5waEW48.24YExA5hZ06PqeAjg6giei/mJ5tkSb6v4CZ.vgj1oZ9zG;Parent;Guardian;PARENT;guardian@localhost;;True;en;;;system;system
5;dhi_staff_id_01;$2a$10$5waEW48.24YExA5hZ06PqeAjg6giei/mJ5tkSb6v4CZ.vgj1oZ9zG;Dhiraj;Staff;STAFF;dhiraj.iit1014@gmail.com;;True;en;;;staff;staff
6;tej_staff_id_02;$2a$10$5waEW48.24YExA5hZ06PqeAjg6giei/mJ5tkSb6v4CZ.vgj1oZ9zG;Satya ;Staff;STAFF;satyateja.a@gmail.com;;True;en;;;staff;staff
7;kish_staff_id_03;$2a$10$5waEW48.24YExA5hZ06PqeAjg6giei/mJ5tkSb6v4CZ.vgj1oZ9zG;Kishore;Staff;STAFF;ramakishore5527@gmail.com;;True;en;;;staff;staff
8;kish_adminstaff_id_04;$2a$10$5waEW48.24YExA5hZ06PqeAjg6giei/mJ5tkSb6v4CZ.vgj1oZ9zG;Kishore;Admin;STAFF;ramkishore1401@gmail.com;;True;en;;;staff;staff
9;staff_id_05;$2a$10$5waEW48.24YExA5hZ06PqeAjg6giei/mJ5tkSb6v4CZ.vgj1oZ9zG;Asha;Shalini;STAFF;random2@random;;True;en;;;staff;staff
10;staff_id_06;$2a$10$5waEW48.24YExA5hZ06PqeAjg6giei/mJ5tkSb6v4CZ.vgj1oZ9zG;Reshma;Chatterji;STAFF;random3@random;;True;en;;;staff;staff
11;staff_id_07;$2a$10$5waEW48.24YExA5hZ06PqeAjg6giei/mJ5tkSb6v4CZ.vgj1oZ9zG;Pushkar;Priyank;STAFF;random4@random;;True;en;;;staff;staff
12;staff_id_08;$2a$10$5waEW48.24YExA5hZ06PqeAjg6giei/mJ5tkSb6v4CZ.vgj1oZ9zG;Priyanka;Jain;STAFF;random5@random;;True;en;;;staff;staff
13;staff_id_09;$2a$10$5waEW48.24YExA5hZ06PqeAjg6giei/mJ5tkSb6v4CZ.vgj1oZ9zG;Prema;Swaroop;STAFF;random6@random;;True;en;;;staff;staff
14;staff_id_10;$2a$10$5waEW48.24YExA5hZ06PqeAjg6giei/mJ5tkSb6v4CZ.vgj1oZ9zG;Ajit;Agrawal;STAFF;random7@random;;True;en;;;staff;staff
15;staff_id_11;$2a$10$5waEW48.24YExA5hZ06PqeAjg6giei/mJ5tkSb6v4CZ.vgj1oZ9zG;Suyash;Burnwal;STAFF;random8@random;;True;en;;;staff;staff
16;staff_id_12;$2a$10$5waEW48.24YExA5hZ06PqeAjg6giei/mJ5tkSb6v4CZ.vgj1oZ9zG;Ramdas;Bhawani;STAFF;random9@random;;True;en;;;staff;staff
17;staff_id_13;$2a$10$5waEW48.24YExA5hZ06PqeAjg6giei/mJ5tkSb6v4CZ.vgj1oZ9zG;Reena;Bhawe;STAFF;random10@random;;True;en;;;staff;staff
18;staff_id_14;$2a$10$5waEW48.24YExA5hZ06PqeAjg6giei/mJ5tkSb6v4CZ.vgj1oZ9zG;Sana;Mallick;STAFF;random11@random;;True;en;;;staff;staff
19;staff_id_15;$2a$10$5waEW48.24YExA5hZ06PqeAjg6giei/mJ5tkSb6v4CZ.vgj1oZ9zG;Ajay;Srivastava;STAFF;random12@random;;True;en;;;staff;staff
20;staff_id_16;$2a$10$5waEW48.24YExA5hZ06PqeAjg6giei/mJ5tkSb6v4CZ.vgj1oZ9zG;Prakhar;Dhar;STAFF;random13@random;;True;en;;;staff;staff
21;staff_id_17;$2a$10$5waEW48.24YExA5hZ06PqeAjg6giei/mJ5tkSb6v4CZ.vgj1oZ9zG;Ramavtar;Qureshi;STAFF;random14@random;;True;en;;;staff;staff
22;staff_id_18;$2a$10$5waEW48.24YExA5hZ06PqeAjg6giei/mJ5tkSb6v4CZ.vgj1oZ9zG;Parwati;Panda;STAFF;random15@random;;True;en;;;staff;staff
23;staff_id_19;$2a$10$5waEW48.24YExA5hZ06PqeAjg6giei/mJ5tkSb6v4CZ.vgj1oZ9zG;Naveen;Chandravanshi;STAFF;random16@random;;True;en;;;staff;staff
24;staff_id_20;$2a$10$5waEW48.24YExA5hZ06PqeAjg6giei/mJ5tkSb6v4CZ.vgj1oZ9zG;Neeraj;Kumar;STAFF;random17@random;;True;en;;;staff;staff
25;staff_id_21;$2a$10$5waEW48.24YExA5hZ06PqeAjg6giei/mJ5tkSb6v4CZ.vgj1oZ9zG;Rajesh;Cherukuri;STAFF;random18@random;;True;en;;;staff;staff
26;staff_id_22;$2a$10$5waEW48.24YExA5hZ06PqeAjg6giei/mJ5tkSb6v4CZ.vgj1oZ9zG;Mayank;Manish;STAFF;random19@random;;True;en;;;staff;staff
27;staff_id_23;$2a$10$5waEW48.24YExA5hZ06PqeAjg6giei/mJ5tkSb6v4CZ.vgj1oZ9zG;Piyush;Pranay;STAFF;random20@random;;True;en;;;staff;staff
28;staff1id_24;$2a$10$5waEW48.24YExA5hZ06PqeAjg6giei/mJ5tkSb6v4CZ.vgj1oZ9zG;Prabhakar;Misra;STAFF;random21@random;;True;en;;;staff;staff
29;staff_id_25;$2a$10$5waEW48.24YExA5hZ06PqeAjg6giei/mJ5tkSb6v4CZ.vgj1oZ9zG;Ankit;Berlia;STAFF;random22@random;;True;en;;;staff;staff
30;staff_id_26;$2a$10$5waEW48.24YExA5hZ06PqeAjg6giei/mJ5tkSb6v4CZ.vgj1oZ9zG;Shreyas;Nivas;STAFF;random23@random;;True;en;;;staff;staff
31;staff_id_27;$2a$10$5waEW48.24YExA5hZ06PqeAjg6giei/mJ5tkSb6v4CZ.vgj1oZ9zG;Aaron;Mendonca;STAFF;random24@random;;True;en;;;staff;staff
32;staff_id_28;$2a$10$5waEW48.24YExA5hZ06PqeAjg6giei/mJ5tkSb6v4CZ.vgj1oZ9zG;Alex;Avarachan;STAFF;random25@random;;True;en;;;staff;staff
33;staff_id_29;$2a$10$5waEW48.24YExA5hZ06PqeAjg6giei/mJ5tkSb6v4CZ.vgj1oZ9zG;Aakash;Kedia;STAFF;random26@random;;True;en;;;staff;staff
34;staff_id_30;$2a$10$5waEW48.24YExA5hZ06PqeAjg6giei/mJ5tkSb6v4CZ.vgj1oZ9zG;Satya;Reddy;STAFF;random27@random;;True;en;;;staff;staff
35;staff_id_31;$2a$10$5waEW48.24YExA5hZ06PqeAjg6giei/mJ5tkSb6v4CZ.vgj1oZ9zG;Krishna;Apte;STAFF;random28@random;;True;en;;;staff;staff
36;staff_id_32;$2a$10$5waEW48.24YExA5hZ06PqeAjg6giei/mJ5tkSb6v4CZ.vgj1oZ9zG;Pragya;Gupta;STAFF;random29@random;;True;en;;;staff;staff
37;staff_id_33;$2a$10$5waEW48.24YExA5hZ06PqeAjg6giei/mJ5tkSb6v4CZ.vgj1oZ9zG;Prerna;Agarwal;STAFF;random30@random;;True;en;;;staff;staff
38;staff_id_34;$2a$10$5waEW48.24YExA5hZ06PqeAjg6giei/mJ5tkSb6v4CZ.vgj1oZ9zG;Prakhar;Utsav;STAFF;random31@random;;True;en;;;staff;staff
39;staff_id_35;$2a$10$5waEW48.24YExA5hZ06PqeAjg6giei/mJ5tkSb6v4CZ.vgj1oZ9zG;Gita;Mishra;STAFF;random32@random;;True;en;;;staff;staff
40;staff_id_36;$2a$10$5waEW48.24YExA5hZ06PqeAjg6giei/mJ5tkSb6v4CZ.vgj1oZ9zG;Sunil;Kalakaar;STAFF;random33@random;;True;en;;;staff;staff
41;staff_id_37;$2a$10$5waEW48.24YExA5hZ06PqeAjg6giei/mJ5tkSb6v4CZ.vgj1oZ9zG;Anupam;Malya;STAFF;random34@random;;True;en;;;staff;staff
42;staff_id_38;$2a$10$5waEW48.24YExA5hZ06PqeAjg6giei/mJ5tkSb6v4CZ.vgj1oZ9zG;Prateek;Singhal;STAFF;random35@random;;True;en;;;staff;staff
43;staff_id_39;$2a$10$5waEW48.24YExA5hZ06PqeAjg6giei/mJ5tkSb6v4CZ.vgj1oZ9zG;Raunak;Sarda;STAFF;random36@random;;True;en;;;staff;staff
44;staff_id_40;$2a$10$5waEW48.24YExA5hZ06PqeAjg6giei/mJ5tkSb6v4CZ.vgj1oZ9zG;Rahul;Saxena;STAFF;random37@random;;True;en;;;staff;staff
45;staff_id_41;$2a$10$5waEW48.24YExA5hZ06PqeAjg6giei/mJ5tkSb6v4CZ.vgj1oZ9zG;Keshav;Modi;STAFF;random38@random;;True;en;;;staff;staff
46;staff_id_42;$2a$10$5waEW48.24YExA5hZ06PqeAjg6giei/mJ5tkSb6v4CZ.vgj1oZ9zG;Rahul;Mehta;STAFF;random39@random;;True;en;;;staff;staff
47;staff_id_43;$2a$10$5waEW48.24YExA5hZ06PqeAjg6giei/mJ5tkSb6v4CZ.vgj1oZ9zG;Devendra;Gupta;STAFF;random40@random;;True;en;;;staff;staff
48;staff_id_44;$2a$10$5waEW48.24YExA5hZ06PqeAjg6giei/mJ5tkSb6v4CZ.vgj1oZ9zG;Dhiraj;Kumar;STAFF;random41@random;;True;en;;;staff;staff
49;staff_id_45;$2a$10$5waEW48.24YExA5hZ06PqeAjg6giei/mJ5tkSb6v4CZ.vgj1oZ9zG;Kedar;Badnikar;STAFF;random42@random;;True;en;;;staff;staff
50;staff_id_46;$2a$10$5waEW48.24YExA5hZ06PqeAjg6giei/mJ5tkSb6v4CZ.vgj1oZ9zG;Soumyajit;Behra;STAFF;random43@random;;True;en;;;staff;staff
51;staff_id_47;$2a$10$5waEW48.24YExA5hZ06PqeAjg6giei/mJ5tkSb6v4CZ.vgj1oZ9zG;Pankaj;Chaukikar;STAFF;random44@random;;True;en;;;staff;staff
52;staff_id_48;$2a$10$5waEW48.24YExA5hZ06PqeAjg6giei/mJ5tkSb6v4CZ.vgj1oZ9zG;Sneha;Gupta;STAFF;random45@random;;True;en;;;staff;staff
53;staff_id_49;$2a$10$5waEW48.24YExA5hZ06PqeAjg6giei/mJ5tkSb6v4CZ.vgj1oZ9zG;Tirtha;Khan;STAFF;random46@random;;True;en;;;staff;staff
54;staff_id_50;$2a$10$5waEW48.24YExA5hZ06PqeAjg6giei/mJ5tkSb6v4CZ.vgj1oZ9zG;Sonal;Singh;STAFF;random47@random;;True;en;;;staff;staff
55;staff_id_51;$2a$10$5waEW48.24YExA5hZ06PqeAjg6giei/mJ5tkSb6v4CZ.vgj1oZ9zG;Nishant;Jain;STAFF;random48@random;;True;en;;;staff;staff
56;staff_id_52;$2a$10$5waEW48.24YExA5hZ06PqeAjg6giei/mJ5tkSb6v4CZ.vgj1oZ9zG;Shekhar;Verma;STAFF;random49@random;;True;en;;;staff;staff
57;staff_id_53;$2a$10$5waEW48.24YExA5hZ06PqeAjg6giei/mJ5tkSb6v4CZ.vgj1oZ9zG;Aishwarya;Singh;STAFF;random50@random;;True;en;;;staff;staff
58;staff_id_54;$2a$10$5waEW48.24YExA5hZ06PqeAjg6giei/mJ5tkSb6v4CZ.vgj1oZ9zG;Harshwardhan;Aggarwal;STAFF;random51@random;;True;en;;;staff;staff
59;staff_id_55;$2a$10$5waEW48.24YExA5hZ06PqeAjg6giei/mJ5tkSb6v4CZ.vgj1oZ9zG;Arnov;Sengupta;STAFF;random52@random;;True;en;;;staff;staff
60;staff_id_56;$2a$10$5waEW48.24YExA5hZ06PqeAjg6giei/mJ5tkSb6v4CZ.vgj1oZ9zG;Mohit;Singh;STAFF;random53@random;;True;en;;;staff;staff
61;staff_id_57;$2a$10$5waEW48.24YExA5hZ06PqeAjg6giei/mJ5tkSb6v4CZ.vgj1oZ9zG;Shaurya;Varma;STAFF;random54@random;;True;en;;;staff;staff
62;staff_id_58;$2a$10$5waEW48.24YExA5hZ06PqeAjg6giei/mJ5tkSb6v4CZ.vgj1oZ9zG;Chandan;Kumar;STAFF;random55@random;;True;en;;;staff;staff
63;staff_id_59;$2a$10$5waEW48.24YExA5hZ06PqeAjg6giei/mJ5tkSb6v4CZ.vgj1oZ9zG;Ankit;Goenka;STAFF;random56@random;;True;en;;;staff;staff
64;staff_id_60;$2a$10$5waEW48.24YExA5hZ06PqeAjg6giei/mJ5tkSb6v4CZ.vgj1oZ9zG;Manisha;Jhunjhunwala;STAFF;random57@random;;True;en;;;staff;staff
65;staff_id_61;$2a$10$5waEW48.24YExA5hZ06PqeAjg6giei/mJ5tkSb6v4CZ.vgj1oZ9zG;Hemanth;Choudhary;STAFF;random58@random;;True;en;;;staff;staff
66;staff_id_62;$2a$10$5waEW48.24YExA5hZ06PqeAjg6giei/mJ5tkSb6v4CZ.vgj1oZ9zG;Niketan;Parija;STAFF;random59@random;;True;en;;;staff;staff
67;dhi_student_id_01;$2a$10$5waEW48.24YExA5hZ06PqeAjg6giei/mJ5tkSb6v4CZ.vgj1oZ9zG;Dhiraj;Student;PARENT;dhiraj@witcurve;com;True;en;;;;
68;tej_student_id_02;$2a$10$5waEW48.24YExA5hZ06PqeAjg6giei/mJ5tkSb6v4CZ.vgj1oZ9zG;Satya ;Student;PARENT;teja@witcurve.com;;True;en;;;staff;staff
69;kish_student_id_03;$2a$10$5waEW48.24YExA5hZ06PqeAjg6giei/mJ5tkSb6v4CZ.vgj1oZ9zG;Kishore;Student;PARENT;kishore@witcurve.com;;True;en;;;staff;staff
70;student_id_04;$2a$10$5waEW48.24YExA5hZ06PqeAjg6giei/mJ5tkSb6v4CZ.vgj1oZ9zG;Stud11A4;Klass;PARENT;random60@random;;True;en;;;staff;staff
71;student_id_05;$2a$10$5waEW48.24YExA5hZ06PqeAjg6giei/mJ5tkSb6v4CZ.vgj1oZ9zG;Stud11B1;Klass;PARENT;random61@random;;True;en;;;staff;staff
72;student_id_06;$2a$10$5waEW48.24YExA5hZ06PqeAjg6giei/mJ5tkSb6v4CZ.vgj1oZ9zG;Stud11B2;Klass;PARENT;random62@random;;True;en;;;staff;staff
73;student_id_07;$2a$10$5waEW48.24YExA5hZ06PqeAjg6giei/mJ5tkSb6v4CZ.vgj1oZ9zG;Stud11B3;Klass;PARENT;random63@random;;True;en;;;staff;staff
74;student_id_08;$2a$10$5waEW48.24YExA5hZ06PqeAjg6giei/mJ5tkSb6v4CZ.vgj1oZ9zG;Stud11B4;Klass;PARENT;random64@random;;True;en;;;staff;staff
75;student_id_09;$2a$10$5waEW48.24YExA5hZ06PqeAjg6giei/mJ5tkSb6v4CZ.vgj1oZ9zG;Stud12A4;Klass;PARENT;random65@random;;True;en;;;staff;staff
76;student_id_10;$2a$10$5waEW48.24YExA5hZ06PqeAjg6giei/mJ5tkSb6v4CZ.vgj1oZ9zG;Stud12A3;Klass;PARENT;random66@random;;True;en;;;staff;staff
77;student_id_11;$2a$10$5waEW48.24YExA5hZ06PqeAjg6giei/mJ5tkSb6v4CZ.vgj1oZ9zG;Stud12A1;Klass;PARENT;random67@random;;True;en;;;staff;staff
78;student_id_12;$2a$10$5waEW48.24YExA5hZ06PqeAjg6giei/mJ5tkSb6v4CZ.vgj1oZ9zG;Stud12A2;Klass;PARENT;random68@random;;True;en;;;staff;staff
79;student_id_13;$2a$10$5waEW48.24YExA5hZ06PqeAjg6giei/mJ5tkSb6v4CZ.vgj1oZ9zG;Stud12B2;Klass;PARENT;random69@random;;True;en;;;staff;staff
80;student_id_14;$2a$10$5waEW48.24YExA5hZ06PqeAjg6giei/mJ5tkSb6v4CZ.vgj1oZ9zG;Stud12B3;Klass;PARENT;random70@random;;True;en;;;staff;staff
81;student_id_15;$2a$10$5waEW48.24YExA5hZ06PqeAjg6giei/mJ5tkSb6v4CZ.vgj1oZ9zG;Stud12B4;Klass;PARENT;random71@random;;True;en;;;staff;staff
82;student_id_16;$2a$10$5waEW48.24YExA5hZ06PqeAjg6giei/mJ5tkSb6v4CZ.vgj1oZ9zG;Stud12B1;Klass;PARENT;random72@random;;True;en;;;staff;staff
83;student_id_17;$2a$10$5waEW48.24YExA5hZ06PqeAjg6giei/mJ5tkSb6v4CZ.vgj1oZ9zG;Stud15A1;Klass;PARENT;random73@random;;True;en;;;staff;staff
84;student_id_18;$2a$10$5waEW48.24YExA5hZ06PqeAjg6giei/mJ5tkSb6v4CZ.vgj1oZ9zG;Stud15A2;Klass;PARENT;random74@random;;True;en;;;staff;staff
85;student_id_19;$2a$10$5waEW48.24YExA5hZ06PqeAjg6giei/mJ5tkSb6v4CZ.vgj1oZ9zG;Stud15A3;Klass;PARENT;random75@random;;True;en;;;staff;staff
86;student_id_20;$2a$10$5waEW48.24YExA5hZ06PqeAjg6giei/mJ5tkSb6v4CZ.vgj1oZ9zG;Stud15A4;Klass;PARENT;random76@random;;True;en;;;staff;staff
87;student_id_21;$2a$10$5waEW48.24YExA5hZ06PqeAjg6giei/mJ5tkSb6v4CZ.vgj1oZ9zG;Stud15B4;Klass;PARENT;random77@random;;True;en;;;staff;staff
88;student_id_22;$2a$10$5waEW48.24YExA5hZ06PqeAjg6giei/mJ5tkSb6v4CZ.vgj1oZ9zG;Stud15B3;Klass;PARENT;random78@random;;True;en;;;staff;staff
89;student_id_23;$2a$10$5waEW48.24YExA5hZ06PqeAjg6giei/mJ5tkSb6v4CZ.vgj1oZ9zG;Stud15B2;Klass;PARENT;random79@random;;True;en;;;staff;staff
90;student_id_24;$2a$10$5waEW48.24YExA5hZ06PqeAjg6giei/mJ5tkSb6v4CZ.vgj1oZ9zG;Stud15B1;Klass;PARENT;random80@random;;True;en;;;staff;staff
91;student_id_25;$2a$10$5waEW48.24YExA5hZ06PqeAjg6giei/mJ5tkSb6v4CZ.vgj1oZ9zG;Stud19A1;Klass;PARENT;random81@random;;True;en;;;staff;staff
92;student_id_26;$2a$10$5waEW48.24YExA5hZ06PqeAjg6giei/mJ5tkSb6v4CZ.vgj1oZ9zG;Stud19A2;Klass;PARENT;random82@random;;True;en;;;staff;staff
93;student_id_27;$2a$10$5waEW48.24YExA5hZ06PqeAjg6giei/mJ5tkSb6v4CZ.vgj1oZ9zG;Stud19A3;Klass;PARENT;random83@random;;True;en;;;staff;staff
94;student_id_28;$2a$10$5waEW48.24YExA5hZ06PqeAjg6giei/mJ5tkSb6v4CZ.vgj1oZ9zG;Stud19A4;Klass;PARENT;random84@random;;True;en;;;staff;staff
95;student_id_29;$2a$10$5waEW48.24YExA5hZ06PqeAjg6giei/mJ5tkSb6v4CZ.vgj1oZ9zG;Stud19B4;Klass;PARENT;random85@random;;True;en;;;staff;staff
96;student_id_30;$2a$10$5waEW48.24YExA5hZ06PqeAjg6giei/mJ5tkSb6v4CZ.vgj1oZ9zG;Stud19B3;Klass;PARENT;random86@random;;True;en;;;staff;staff
97;student_id_31;$2a$10$5waEW48.24YExA5hZ06PqeAjg6giei/mJ5tkSb6v4CZ.vgj1oZ9zG;Stud19B2;Klass;PARENT;random87@random;;True;en;;;staff;staff
98;student_id_32;$2a$10$5waEW48.24YExA5hZ06PqeAjg6giei/mJ5tkSb6v4CZ.vgj1oZ9zG;Stud19B1;Klass;PARENT;random88@random;;True;en;;;staff;staff
99;student_id_33;$2a$10$5waEW48.24YExA5hZ06PqeAjg6giei/mJ5tkSb6v4CZ.vgj1oZ9zG;Stud110A1;Klass;PARENT;random89@random;;True;en;;;staff;staff
100;student_id_34;$2a$10$5waEW48.24YExA5hZ06PqeAjg6giei/mJ5tkSb6v4CZ.vgj1oZ9zG;Stud110A2;Klass;PARENT;random90@random;;True;en;;;staff;staff
101;student_id_35;$2a$10$5waEW48.24YExA5hZ06PqeAjg6giei/mJ5tkSb6v4CZ.vgj1oZ9zG;Stud110A3;Klass;PARENT;random91@random;;True;en;;;staff;staff
102;student_id_36;$2a$10$5waEW48.24YExA5hZ06PqeAjg6giei/mJ5tkSb6v4CZ.vgj1oZ9zG;Stud110A4;Klass;PARENT;random92@random;;True;en;;;staff;staff
103;student_id_37;$2a$10$5waEW48.24YExA5hZ06PqeAjg6giei/mJ5tkSb6v4CZ.vgj1oZ9zG;Stud110B4;Klass;PARENT;random93@random;;True;en;;;staff;staff
104;student_id_38;$2a$10$5waEW48.24YExA5hZ06PqeAjg6giei/mJ5tkSb6v4CZ.vgj1oZ9zG;Stud110B3;Klass;PARENT;random94@random;;True;en;;;staff;staff
105;student_id_39;$2a$10$5waEW48.24YExA5hZ06PqeAjg6giei/mJ5tkSb6v4CZ.vgj1oZ9zG;Stud110B2;Klass;PARENT;random95@random;;True;en;;;staff;staff
106;student_id_40;$2a$10$5waEW48.24YExA5hZ06PqeAjg6giei/mJ5tkSb6v4CZ.vgj1oZ9zG;Stud110B1;Klass;PARENT;random96@random;;True;en;;;staff;staff
107;student_id_41;$2a$10$5waEW48.24YExA5hZ06PqeAjg6giei/mJ5tkSb6v4CZ.vgj1oZ9zG;Stud111A1;Klass;PARENT;random97@random;;True;en;;;staff;staff
108;student_id_42;$2a$10$5waEW48.24YExA5hZ06PqeAjg6giei/mJ5tkSb6v4CZ.vgj1oZ9zG;Stud111A2;Klass;PARENT;random98@random;;True;en;;;staff;staff
109;student_id_43;$2a$10$5waEW48.24YExA5hZ06PqeAjg6giei/mJ5tkSb6v4CZ.vgj1oZ9zG;Stud111A3;Klass;PARENT;random99@random;;True;en;;;staff;staff
110;student_id_44;$2a$10$5waEW48.24YExA5hZ06PqeAjg6giei/mJ5tkSb6v4CZ.vgj1oZ9zG;Stud111A4;Klass;PARENT;random100@random;;True;en;;;staff;staff
111;student_id_45;$2a$10$5waEW48.24YExA5hZ06PqeAjg6giei/mJ5tkSb6v4CZ.vgj1oZ9zG;Stud111B4;Klass;PARENT;random101@random;;True;en;;;staff;staff
112;student_id_46;$2a$10$5waEW48.24YExA5hZ06PqeAjg6giei/mJ5tkSb6v4CZ.vgj1oZ9zG;Stud111B3;Klass;PARENT;random102@random;;True;en;;;staff;staff
113;student_id_47;$2a$10$5waEW48.24YExA5hZ06PqeAjg6giei/mJ5tkSb6v4CZ.vgj1oZ9zG;Stud111B2;Klass;PARENT;random103@random;;True;en;;;staff;staff
114;student_id_48;$2a$10$5waEW48.24YExA5hZ06PqeAjg6giei/mJ5tkSb6v4CZ.vgj1oZ9zG;Stud111B1;Klass;PARENT;random104@random;;True;en;;;staff;staff
115;student_id_49;$2a$10$5waEW48.24YExA5hZ06PqeAjg6giei/mJ5tkSb6v4CZ.vgj1oZ9zG;Stud112A1;Klass;PARENT;random105@random;;True;en;;;staff;staff
116;student_id_50;$2a$10$5waEW48.24YExA5hZ06PqeAjg6giei/mJ5tkSb6v4CZ.vgj1oZ9zG;Stud112A2;Klass;PARENT;random106@random;;True;en;;;staff;staff
117;student_id_51;$2a$10$5waEW48.24YExA5hZ06PqeAjg6giei/mJ5tkSb6v4CZ.vgj1oZ9zG;Stud112A3;Klass;PARENT;random107@random;;True;en;;;staff;staff
118;student_id_52;$2a$10$5waEW48.24YExA5hZ06PqeAjg6giei/mJ5tkSb6v4CZ.vgj1oZ9zG;Stud112A4;Klass;PARENT;random108@random;;True;en;;;staff;staff
119;student_id_53;$2a$10$5waEW48.24YExA5hZ06PqeAjg6giei/mJ5tkSb6v4CZ.vgj1oZ9zG;Stud112B4;Klass;PARENT;random109@random;;True;en;;;staff;staff
120;student_id_54;$2a$10$5waEW48.24YExA5hZ06PqeAjg6giei/mJ5tkSb6v4CZ.vgj1oZ9zG;Stud112B3;Klass;PARENT;random110@random;;True;en;;;staff;staff
121;student_id_55;$2a$10$5waEW48.24YExA5hZ06PqeAjg6giei/mJ5tkSb6v4CZ.vgj1oZ9zG;Stud112B2;Klass;PARENT;random111@random;;True;en;;;staff;staff
122;student_id_56;$2a$10$5waEW48.24YExA5hZ06PqeAjg6giei/mJ5tkSb6v4CZ.vgj1oZ9zG;Stud112B1;Klass;PARENT;random112@random;;True;en;;;staff;staff
123;student_id_57;$2a$10$5waEW48.24YExA5hZ06PqeAjg6giei/mJ5tkSb6v4CZ.vgj1oZ9zG;Stud212B1;Klass;PARENT;random113@random;;True;en;;;staff;staff
124;student_id_58;$2a$10$5waEW48.24YExA5hZ06PqeAjg6giei/mJ5tkSb6v4CZ.vgj1oZ9zG;Stud212B2;Klass;PARENT;random114@random;;True;en;;;staff;staff
125;student_id_59;$2a$10$5waEW48.24YExA5hZ06PqeAjg6giei/mJ5tkSb6v4CZ.vgj1oZ9zG;Stud212B3;Klass;PARENT;random115@random;;True;en;;;staff;staff
126;student_id_60;$2a$10$5waEW48.24YExA5hZ06PqeAjg6giei/mJ5tkSb6v4CZ.vgj1oZ9zG;Stud212B4;Klass;PARENT;random116@random;;True;en;;;staff;staff
127;student_id_61;$2a$10$5waEW48.24YExA5hZ06PqeAjg6giei/mJ5tkSb6v4CZ.vgj1oZ9zG;Stud212A4;Klass;PARENT;random117@random;;True;en;;;staff;staff
128;student_id_62;$2a$10$5waEW48.24YExA5hZ06PqeAjg6giei/mJ5tkSb6v4CZ.vgj1oZ9zG;Stud212A3;Klass;PARENT;random118@random;;True;en;;;staff;staff
129;student_id_63;$2a$10$5waEW48.24YExA5hZ06PqeAjg6giei/mJ5tkSb6v4CZ.vgj1oZ9zG;Stud212A2;Klass;PARENT;random119@random;;True;en;;;staff;staff
130;student_id_64;$2a$10$5waEW48.24YExA5hZ06PqeAjg6giei/mJ5tkSb6v4CZ.vgj1oZ9zG;Stud212A1;Klass;PARENT;random120@random;;True;en;;;staff;staff
131;student_id_65;$2a$10$5waEW48.24YExA5hZ06PqeAjg6giei/mJ5tkSb6v4CZ.vgj1oZ9zG;Stud211A1;Klass;PARENT;random121@random;;True;en;;;staff;staff
132;student_id_66;$2a$10$5waEW48.24YExA5hZ06PqeAjg6giei/mJ5tkSb6v4CZ.vgj1oZ9zG;Stud211A2;Klass;PARENT;random122@random;;True;en;;;staff;staff
133;student_id_67;$2a$10$5waEW48.24YExA5hZ06PqeAjg6giei/mJ5tkSb6v4CZ.vgj1oZ9zG;Stud211A3;Klass;PARENT;random123@random;;True;en;;;staff;staff
134;student_id_68;$2a$10$5waEW48.24YExA5hZ06PqeAjg6giei/mJ5tkSb6v4CZ.vgj1oZ9zG;Stud211A4;Klass;PARENT;random124@random;;True;en;;;staff;staff
135;student_id_69;$2a$10$5waEW48.24YExA5hZ06PqeAjg6giei/mJ5tkSb6v4CZ.vgj1oZ9zG;Stud211B4;Klass;PARENT;random125@random;;True;en;;;staff;staff
136;student_id_70;$2a$10$5waEW48.24YExA5hZ06PqeAjg6giei/mJ5tkSb6v4CZ.vgj1oZ9zG;Stud211B3;Klass;PARENT;random126@random;;True;en;;;staff;staff
137;student_id_71;$2a$10$5waEW48.24YExA5hZ06PqeAjg6giei/mJ5tkSb6v4CZ.vgj1oZ9zG;Stud211B2;Klass;PARENT;random127@random;;True;en;;;staff;staff
138;student_id_72;$2a$10$5waEW48.24YExA5hZ06PqeAjg6giei/mJ5tkSb6v4CZ.vgj1oZ9zG;Stud211B1;Klass;PARENT;random128@random;;True;en;;;staff;staff
139;student_id_73;$2a$10$5waEW48.24YExA5hZ06PqeAjg6giei/mJ5tkSb6v4CZ.vgj1oZ9zG;Stud210B1;Klass;PARENT;random129@random;;True;en;;;staff;staff
140;student_id_74;$2a$10$5waEW48.24YExA5hZ06PqeAjg6giei/mJ5tkSb6v4CZ.vgj1oZ9zG;Stud210B2;Klass;PARENT;random130@random;;True;en;;;staff;staff
141;student_id_75;$2a$10$5waEW48.24YExA5hZ06PqeAjg6giei/mJ5tkSb6v4CZ.vgj1oZ9zG;Stud210B3;Klass;PARENT;random131@random;;True;en;;;staff;staff
142;student_id_76;$2a$10$5waEW48.24YExA5hZ06PqeAjg6giei/mJ5tkSb6v4CZ.vgj1oZ9zG;Stud210B4;Klass;PARENT;random132@random;;True;en;;;staff;staff
143;student_id_77;$2a$10$5waEW48.24YExA5hZ06PqeAjg6giei/mJ5tkSb6v4CZ.vgj1oZ9zG;Stud210A4;Klass;PARENT;random133@random;;True;en;;;staff;staff
144;student_id_78;$2a$10$5waEW48.24YExA5hZ06PqeAjg6giei/mJ5tkSb6v4CZ.vgj1oZ9zG;Stud210A3;Klass;PARENT;random134@random;;True;en;;;staff;staff
145;student_id_79;$2a$10$5waEW48.24YExA5hZ06PqeAjg6giei/mJ5tkSb6v4CZ.vgj1oZ9zG;Stud210A2;Klass;PARENT;random135@random;;True;en;;;staff;staff
146;student_id_80;$2a$10$5waEW48.24YExA5hZ06PqeAjg6giei/mJ5tkSb6v4CZ.vgj1oZ9zG;Stud210A1;Klass;PARENT;random136@random;;True;en;;;staff;staff
147;student_id_81;$2a$10$5waEW48.24YExA5hZ06PqeAjg6giei/mJ5tkSb6v4CZ.vgj1oZ9zG;Stud29A1;Klass;PARENT;random137@random;;True;en;;;staff;staff
148;student_id_82;$2a$10$5waEW48.24YExA5hZ06PqeAjg6giei/mJ5tkSb6v4CZ.vgj1oZ9zG;Stud29A2;Klass;PARENT;random138@random;;True;en;;;staff;staff
149;student_id_83;$2a$10$5waEW48.24YExA5hZ06PqeAjg6giei/mJ5tkSb6v4CZ.vgj1oZ9zG;Stud29A3;Klass;PARENT;random139@random;;True;en;;;staff;staff
150;student_id_84;$2a$10$5waEW48.24YExA5hZ06PqeAjg6giei/mJ5tkSb6v4CZ.vgj1oZ9zG;Stud29A4;Klass;PARENT;random140@random;;True;en;;;staff;staff
151;student_id_85;$2a$10$5waEW48.24YExA5hZ06PqeAjg6giei/mJ5tkSb6v4CZ.vgj1oZ9zG;Stud29B4;Klass;PARENT;random141@random;;True;en;;;staff;staff
152;student_id_86;$2a$10$5waEW48.24YExA5hZ06PqeAjg6giei/mJ5tkSb6v4CZ.vgj1oZ9zG;Stud29B3;Klass;PARENT;random142@random;;True;en;;;staff;staff
153;student_id_87;$2a$10$5waEW48.24YExA5hZ06PqeAjg6giei/mJ5tkSb6v4CZ.vgj1oZ9zG;Stud29B2;Klass;PARENT;random143@random;;True;en;;;staff;staff
154;student_id_88;$2a$10$5waEW48.24YExA5hZ06PqeAjg6giei/mJ5tkSb6v4CZ.vgj1oZ9zG;Stud29B1;Klass;PARENT;random144@random;;True;en;;;staff;staff
155;student_id_89;$2a$10$5waEW48.24YExA5hZ06PqeAjg6giei/mJ5tkSb6v4CZ.vgj1oZ9zG;Stud28B1;Klass;PARENT;random145@random;;True;en;;;staff;staff
156;student_id_90;$2a$10$5waEW48.24YExA5hZ06PqeAjg6giei/mJ5tkSb6v4CZ.vgj1oZ9zG;Stud28B2;Klass;PARENT;random146@random;;True;en;;;staff;staff
157;student_id_91;$2a$10$5waEW48.24YExA5hZ06PqeAjg6giei/mJ5tkSb6v4CZ.vgj1oZ9zG;Stud28B3;Klass;PARENT;random147@random;;True;en;;;staff;staff
158;student_id_92;$2a$10$5waEW48.24YExA5hZ06PqeAjg6giei/mJ5tkSb6v4CZ.vgj1oZ9zG;Stud28B4;Klass;PARENT;random148@random;;True;en;;;staff;staff
159;student_id_93;$2a$10$5waEW48.24YExA5hZ06PqeAjg6giei/mJ5tkSb6v4CZ.vgj1oZ9zG;Stud28A4;Klass;PARENT;random149@random;;True;en;;;staff;staff
160;student_id_94;$2a$10$5waEW48.24YExA5hZ06PqeAjg6giei/mJ5tkSb6v4CZ.vgj1oZ9zG;Stud28A3;Klass;PARENT;random150@random;;True;en;;;staff;staff
161;student_id_95;$2a$10$5waEW48.24YExA5hZ06PqeAjg6giei/mJ5tkSb6v4CZ.vgj1oZ9zG;Stud28A2;Klass;PARENT;random151@random;;True;en;;;staff;staff
162;student_id_96;$2a$10$5waEW48.24YExA5hZ06PqeAjg6giei/mJ5tkSb6v4CZ.vgj1oZ9zG;Stud28A1;Klass;PARENT;random152@random;;True;en;;;staff;staff
163;student_id_97;$2a$10$5waEW48.24YExA5hZ06PqeAjg6giei/mJ5tkSb6v4CZ.vgj1oZ9zG;Stud2LKG11;Klass;PARENT;random153@random;;True;en;;;staff;staff
164;student_id_98;$2a$10$5waEW48.24YExA5hZ06PqeAjg6giei/mJ5tkSb6v4CZ.vgj1oZ9zG;Stud2LKG12;Klass;PARENT;random154@random;;True;en;;;staff;staff
165;student_id_99;$2a$10$5waEW48.24YExA5hZ06PqeAjg6giei/mJ5tkSb6v4CZ.vgj1oZ9zG;Stud2LKG13;Klass;PARENT;random155@random;;True;en;;;staff;staff
166;student_id_100;$2a$10$5waEW48.24YExA5hZ06PqeAjg6giei/mJ5tkSb6v4CZ.vgj1oZ9zG;Stud2LKG14;Klass;PARENT;random156@random;;True;en;;;staff;staff
167;student_id_101;$2a$10$5waEW48.24YExA5hZ06PqeAjg6giei/mJ5tkSb6v4CZ.vgj1oZ9zG;Stud2LKG24;Klass;PARENT;random157@random;;True;en;;;staff;staff
168;student_id_102;$2a$10$5waEW48.24YExA5hZ06PqeAjg6giei/mJ5tkSb6v4CZ.vgj1oZ9zG;Stud2LKG23;Klass;PARENT;random158@random;;True;en;;;staff;staff
169;student_id_103;$2a$10$5waEW48.24YExA5hZ06PqeAjg6giei/mJ5tkSb6v4CZ.vgj1oZ9zG;Stud2LKG22;Klass;PARENT;random159@random;;True;en;;;staff;staff
170;student_id_104;$2a$10$5waEW48.24YExA5hZ06PqeAjg6giei/mJ5tkSb6v4CZ.vgj1oZ9zG;Stud2LKG21;Klass;PARENT;random160@random;;True;en;;;staff;staff
171;student_id_105;$2a$10$5waEW48.24YExA5hZ06PqeAjg6giei/mJ5tkSb6v4CZ.vgj1oZ9zG;Stud2UKG21;Klass;PARENT;random161@random;;True;en;;;staff;staff
172;student_id_106;$2a$10$5waEW48.24YExA5hZ06PqeAjg6giei/mJ5tkSb6v4CZ.vgj1oZ9zG;Stud2UKG22;Klass;PARENT;random162@random;;True;en;;;staff;staff
173;student_id_107;$2a$10$5waEW48.24YExA5hZ06PqeAjg6giei/mJ5tkSb6v4CZ.vgj1oZ9zG;Stud2UKG23;Klass;PARENT;random163@random;;True;en;;;staff;staff
174;student_id_108;$2a$10$5waEW48.24YExA5hZ06PqeAjg6giei/mJ5tkSb6v4CZ.vgj1oZ9zG;Stud2UKG24;Klass;PARENT;random164@random;;True;en;;;staff;staff
175;student_id_109;$2a$10$5waEW48.24YExA5hZ06PqeAjg6giei/mJ5tkSb6v4CZ.vgj1oZ9zG;Stud2UKG14;Klass;PARENT;random165@random;;True;en;;;staff;staff
176;student_id_110;$2a$10$5waEW48.24YExA5hZ06PqeAjg6giei/mJ5tkSb6v4CZ.vgj1oZ9zG;Stud2UKG13;Klass;PARENT;random166@random;;True;en;;;staff;staff
177;student_id_111;$2a$10$5waEW48.24YExA5hZ06PqeAjg6giei/mJ5tkSb6v4CZ.vgj1oZ9zG;Stud2UKG12;Klass;PARENT;random167@random;;True;en;;;staff;staff
178;student_id_112;$2a$10$5waEW48.24YExA5hZ06PqeAjg6giei/mJ5tkSb6v4CZ.vgj1oZ9zG;Stud2UKG11;Klass;PARENT;random168@random;;True;en;;;staff;staff
